name,price,volume_weight,product_type,image_url,url,cleaned_name,original_name,brand,multipack,is_multipack,slug
Fanta Pineapple & Grapefruit 330ml24 × 330ml5449000089359,,330ml,regular,"https://media.wegetanystock.co.uk/brandbank/images/5449000089359/1?tr=w-192,h-192",https://www.wegetanystock.com/products/fanta-pineapple-grapefruit-330ml,Fanta Pineapple & Grapefruit,Fanta Pineapple & Grapefruit 330ml24 × 330ml5449000089359,Fanta,"{'count': 24, 'size': 330.0, 'unit': 'ml', 'format': '24x330ml'}",True,fanta-pineapple-and-grapefruit
Fanta Fruit Twist 330ml24 × 330ml5449000042101,,330ml,regular,"https://media.wegetanystock.co.uk/old_images/jpg/5449000042101?tr=w-192,h-192",https://www.wegetanystock.com/products/fanta-fruit-twist-330ml,Fanta Fruit Twist,Fanta Fruit Twist 330ml24 × 330ml5449000042101,Fanta,"{'count': 24, 'size': 330.0, 'unit': 'ml', 'format': '24x330ml'}",True,fanta-fruit-twist
Prime Hydration Snowball Slushy Flavour 500ml12 × 500ml810116129393,,500ml,regular,"https://media.wegetanystock.co.uk/images/products/7Qfu2079p6pPQyZ49X8dwL51Ty1xo5kOqITCxMyB.png?tr=w-192,h-192",https://www.wegetanystock.com/products/prime-hydration-snowball-slushy-flavour-500ml,Prime Hydration Snowball Slushy Flavour,Prime Hydration Snowball Slushy Flavour 500ml12 × 500ml810116129393,Prime,"{'count': 12, 'size': 500.0, 'unit': 'ml', 'format': '12x500ml'}",True,prime-hydration-snowball-slushy-flavour
Sprite 330ml24 × 330ml5449000014535,,330ml,regular,"https://media.wegetanystock.co.uk/brandbank/images/5449000014535/1?tr=w-192,h-192",https://www.wegetanystock.com/products/sprite-330ml,Sprite,Sprite 330ml24 × 330ml5449000014535,Sprite,"{'count': 24, 'size': 330.0, 'unit': 'ml', 'format': '24x330ml'}",True,sprite
Prime Hydration Barcelona Flavour 500ml12 × 500ml810116129003,,500ml,regular,"https://media.wegetanystock.co.uk/images/products/eHctfpKeoHSnzcCCUwrDg1WVb0qOFK8QfjYutjTN.png?tr=w-192,h-192",https://www.wegetanystock.com/products/prime-hydration-barcelona-flavour-500ml-1,Prime Hydration Barcelona Flavour,Prime Hydration Barcelona Flavour 500ml12 × 500ml810116129003,Prime,"{'count': 12, 'size': 500.0, 'unit': 'ml', 'format': '12x500ml'}",True,prime-hydration-barcelona-flavour
Fanta Lemon 330ml24 × 330ml5449000006004,,330ml,regular,"https://media.wegetanystock.co.uk/old_images/jpg/5449000006004?tr=w-192,h-192",https://www.wegetanystock.com/products/fanta-lemon-330ml,Fanta Lemon,Fanta Lemon 330ml24 × 330ml5449000006004,Fanta,"{'count': 24, 'size': 330.0, 'unit': 'ml', 'format': '24x330ml'}",True,fanta-lemon
Prime Hydration Ice Blue Chill Flavour 500ml12 × 500ml810116128051,,500ml,regular,"https://media.wegetanystock.co.uk/images/products/wayGuPs5B6qtBXoDazndQDH5RoyVXrdQJdWTx7uE.png?tr=w-192,h-192",https://www.wegetanystock.com/products/prime-hydration-ice-blue-chill-flavour-500ml,Prime Hydration Ice Blue Chill Flavour,Prime Hydration Ice Blue Chill Flavour 500ml12 × 500ml810116128051,Prime,"{'count': 12, 'size': 500.0, 'unit': 'ml', 'format': '12x500ml'}",True,prime-hydration-ice-blue-chill-flavour
Prime Hydration Ice Orange Flavour 500ml12 × 500ml810116128075,,500ml,regular,"https://media.wegetanystock.co.uk/images/products/rml7Ae5KJOcOVviPISjGE8VpKE5Q5MwsrAveH8Re.png?tr=w-192,h-192",https://www.wegetanystock.com/products/prime-hydration-ice-orange-flavour-500ml,Prime Hydration Ice Orange Flavour,Prime Hydration Ice Orange Flavour 500ml12 × 500ml810116128075,Prime,"{'count': 12, 'size': 500.0, 'unit': 'ml', 'format': '12x500ml'}",True,prime-hydration-ice-orange-flavour
Prime Hydration Ice Red Chill Flavour 500ml12 × 500ml810116128068,,500ml,regular,"https://media.wegetanystock.co.uk/images/products/XvT0X9463jkC7pe1CAMhKwyGroDCbmgwqRZQuevw.png?tr=w-192,h-192",https://www.wegetanystock.com/products/prime-hydration-ice-red-chill-flavour-500ml,Prime Hydration Ice Red Chill Flavour,Prime Hydration Ice Red Chill Flavour 500ml12 × 500ml810116128068,Prime,"{'count': 12, 'size': 500.0, 'unit': 'ml', 'format': '12x500ml'}",True,prime-hydration-ice-red-chill-flavour
Prime Hydration Juventus Flavour 500ml12 × 500ml810116129010,,500ml,regular,"https://media.wegetanystock.co.uk/images/products/q3cE73ktgZW6uvO6qb0PruMEPNXc9jA2UwHBFb8v.png?tr=w-192,h-192",https://www.wegetanystock.com/products/prime-hydration-juventus-flavour-500ml,Prime Hydration Juventus Flavour,Prime Hydration Juventus Flavour 500ml12 × 500ml810116129010,Prime,"{'count': 12, 'size': 500.0, 'unit': 'ml', 'format': '12x500ml'}",True,prime-hydration-juventus-flavour
Prime Erling Haaland Hydration Pm £1.79 500ml12 × 500ml810116128044,£1.79,500ml,price_marked,"https://media.wegetanystock.co.uk/images/products/tBMl43WDKTJvJb7lomNWjpvNNZi5d2i1z2Rd9qqe.png?tr=w-192,h-192",https://www.wegetanystock.com/products/prime-hydration-pmp-ps179-haaland-v2-flavour-500ml,Prime Erling Haaland Hydration,Prime Erling Haaland Hydration Pm £1.79 500ml12 × 500ml810116128044,Prime,"{'count': 12, 'size': 500.0, 'unit': 'ml', 'format': '12x500ml'}",True,prime-erling-haaland-hydration
Prime Hydration Collector Series Flavour 500ml12 × 500ml810116128822,,500ml,regular,"https://media.wegetanystock.co.uk/images/products/giVtMaJDxVtGssY4UZAueMFPI7PIHm683BPvU7E5.png?tr=w-192,h-192",https://www.wegetanystock.com/products/prime-hydration-collector-series-flavour-500ml,Prime Hydration Collector Series Flavour,Prime Hydration Collector Series Flavour 500ml12 × 500ml810116128822,Prime,"{'count': 12, 'size': 500.0, 'unit': 'ml', 'format': '12x500ml'}",True,prime-hydration-collector-series-flavour
Prime Hydration Collector Series Flavour Pm £1.79 500ml12 × 500ml810116128839,£1.79,500ml,price_marked,"https://media.wegetanystock.co.uk/images/products/FbKl9BvmcZTv8la0JjtQ3NW7DxW8FVNIh95NC0wF.png?tr=w-192,h-192",https://www.wegetanystock.com/products/prime-hydration-collector-series-flavour-pm-ps179-500ml,Prime Hydration Collector Series Flavour,Prime Hydration Collector Series Flavour Pm £1.79 500ml12 × 500ml810116128839,Prime,"{'count': 12, 'size': 500.0, 'unit': 'ml', 'format': '12x500ml'}",True,prime-hydration-collector-series-flavour
Prime Hydration Future Freeze Flavour PMP £1.79 500ml12 × 500ml810116128037,£1.79,500ml,price_marked,"https://media.wegetanystock.co.uk/images/products/q0WvtKUmYEvo1z0mZiS2HmE83DL26v0ucijTQjei.jpg?tr=w-192,h-192",https://www.wegetanystock.com/products/prime-hydration-pmp-ps179-future-freeze-flavour-500ml,Prime Hydration Future Freeze Flavour,Prime Hydration Future Freeze Flavour PMP £1.79 500ml12 × 500ml810116128037,Prime,"{'count': 12, 'size': 500.0, 'unit': 'ml', 'format': '12x500ml'}",True,prime-hydration-future-freeze-flavour
Prime Hydration Ice Blue Chill Flavour PMP £1.79 500ml12 × 500ml810116127672,£1.79,500ml,price_marked,"https://media.wegetanystock.co.uk/images/products/GvMeCjRkLdzLzGQx4uEgtQDsqKE01tUtuocxaEzn.png?tr=w-192,h-192",https://www.wegetanystock.com/products/prime-hydration-pmp-ps179-ice-blue-chill-flavour-500ml,Prime Hydration Ice Blue Chill Flavour,Prime Hydration Ice Blue Chill Flavour PMP £1.79 500ml12 × 500ml810116127672,Prime,"{'count': 12, 'size': 500.0, 'unit': 'ml', 'format': '12x500ml'}",True,prime-hydration-ice-blue-chill-flavour
Prime Hydration Ice Orange Flavour PMP £1.79 500ml12 × 500ml810116127696,£1.79,500ml,price_marked,"https://media.wegetanystock.co.uk/images/products/Y4aokj2h2sThcKHnmf7sp77QvAJ8l3t82bpmS49K.png?tr=w-192,h-192",https://www.wegetanystock.com/products/prime-hydration-pmp-ps179-ice-orange-flavour-500ml,Prime Hydration Ice Orange Flavour,Prime Hydration Ice Orange Flavour PMP £1.79 500ml12 × 500ml810116127696,Prime,"{'count': 12, 'size': 500.0, 'unit': 'ml', 'format': '12x500ml'}",True,prime-hydration-ice-orange-flavour
Prime Hydration Ice Red Chill Flavour PMP £1.79 500ml12 × 500ml810116127689,£1.79,500ml,price_marked,"https://media.wegetanystock.co.uk/images/products/axQPu6TFXpeWCbeF1FckWg6JivdTfHHmsjg6b8T4.png?tr=w-192,h-192",https://www.wegetanystock.com/products/prime-hydration-pmp-ps179-ice-red-chill-flavour-500ml,Prime Hydration Ice Red Chill Flavour,Prime Hydration Ice Red Chill Flavour PMP £1.79 500ml12 × 500ml810116127689,Prime,"{'count': 12, 'size': 500.0, 'unit': 'ml', 'format': '12x500ml'}",True,prime-hydration-ice-red-chill-flavour
Pepsi Strawberry & Cream Zero Sugar Can 330ml24 × 330ml4062139018321,,330ml,regular,"https://media.wegetanystock.co.uk/old_images/jpg/4062139018321?tr=w-192,h-192",https://www.wegetanystock.com/products/pepsi-strawberry-cream-zero-sugar-can-330ml,Pepsi Strawberry & Cream Zero Sugar,Pepsi Strawberry & Cream Zero Sugar Can 330ml24 × 330ml4062139018321,Pepsi,"{'count': 24, 'size': 330.0, 'unit': 'ml', 'format': '24x330ml'}",True,pepsi-strawberry-and-cream-zero-sugar
Pepsi Cream Soda Zero Sugar Can 330ml24 × 330ml4062139018352,,330ml,regular,"https://media.wegetanystock.co.uk/old_images/jpg/4062139018352?tr=w-192,h-192",https://www.wegetanystock.com/products/pepsi-cream-soda-can-330ml,Pepsi Cream Soda Zero Sugar,Pepsi Cream Soda Zero Sugar Can 330ml24 × 330ml4062139018352,Pepsi,"{'count': 24, 'size': 330.0, 'unit': 'ml', 'format': '24x330ml'}",True,pepsi-cream-soda-zero-sugar
Starbucks Frappuccino Caramel Glass 250ml8 × 250ml5711953145278,,250ml,regular,"https://media.wegetanystock.co.uk/old_images/jpg/5711953145278?tr=w-192,h-192",https://www.wegetanystock.com/products/starbucks-frappuccino-caramel-glass-250ml,Starbucks Frappuccino Caramel Glass,Starbucks Frappuccino Caramel Glass 250ml8 × 250ml5711953145278,Starbucks,"{'count': 8, 'size': 250.0, 'unit': 'ml', 'format': '8x250ml'}",True,starbucks-frappuccino-caramel-glass
Fanta Forest Berries ZERO 330ml24 × 330ml5449000273093,,330ml,regular,"https://media.wegetanystock.co.uk/images/products/jPP19yOIH6yDU8cUv2nXSiVm3EL7YNoGL58tVEQe.png?tr=w-192,h-192",https://www.wegetanystock.com/products/fanta-forest-berries-zero-330ml,Fanta Forest Berries Zero,Fanta Forest Berries ZERO 330ml24 × 330ml5449000273093,Fanta,"{'count': 24, 'size': 330.0, 'unit': 'ml', 'format': '24x330ml'}",True,fanta-forest-berries-zero
Starbucks Frappuccino Vanilla Glass 250ml8 × 250ml5711953156717,,250ml,regular,"https://media.wegetanystock.co.uk/old_images/jpg/5711953156717?tr=w-192,h-192",https://www.wegetanystock.com/products/starbucks-frappuccino-vanilla-glass-250ml,Starbucks Frappuccino Vanilla Glass,Starbucks Frappuccino Vanilla Glass 250ml8 × 250ml5711953156717,Starbucks,"{'count': 8, 'size': 250.0, 'unit': 'ml', 'format': '8x250ml'}",True,starbucks-frappuccino-vanilla-glass
Coca Cola 330ml24 × 330ml5449000000996,,330ml,regular,"https://media.wegetanystock.co.uk/brandbank/images/5449000000996/1?tr=w-192,h-192",https://www.wegetanystock.com/products/coca-cola-original-taste-330ml,Coca Cola,Coca Cola 330ml24 × 330ml5449000000996,Coca-Cola,"{'count': 24, 'size': 330.0, 'unit': 'ml', 'format': '24x330ml'}",True,coca-cola
Coca Cola Zero Sugar 330ml24 × 330ml5449000131805,,330ml,regular,"https://media.wegetanystock.co.uk/brandbank/images/5449000131805/1?tr=w-192,h-192",https://www.wegetanystock.com/products/coca-cola-zero-sugar-330ml,Coca Cola Zero Sugar,Coca Cola Zero Sugar 330ml24 × 330ml5449000131805,Coca-Cola,"{'count': 24, 'size': 330.0, 'unit': 'ml', 'format': '24x330ml'}",True,coca-cola-zero-sugar
International Delight Iced Coffee Oreo 443ml12 × 443ml36632075017,,443ml,regular,"https://media.wegetanystock.co.uk/images/products/Mvifm3mGJALCYZE4NpYesWs61Q0ukX4hCYBysibQ.png?tr=w-192,h-192",https://www.wegetanystock.com/products/international-delight-iced-coffee-oreo-443ml,International Delight Iced Coffee Oreo,International Delight Iced Coffee Oreo 443ml12 × 443ml36632075017,Oreo,"{'count': 12, 'size': 443.0, 'unit': 'ml', 'format': '12x443ml'}",True,international-delight-iced-coffee-oreo
Monster Reserve Orange Dreamsicle PMP £1.75 500ml12 × 500ml5056784900093,£1.75,500ml,price_marked,"https://media.wegetanystock.co.uk/old_images/jpg/5056784900093?tr=w-192,h-192",https://www.wegetanystock.com/products/monster-reserve-orange-dreamsicle-pmp-ps175-500ml,Monster Reserve Orange Dreamsicle,Monster Reserve Orange Dreamsicle PMP £1.75 500ml12 × 500ml5056784900093,Monster,"{'count': 12, 'size': 500.0, 'unit': 'ml', 'format': '12x500ml'}",True,monster-reserve-orange-dreamsicle
7Up Zero Can Pink Lemonade 330ml24 × 330ml4062139019564,,330ml,regular,"https://media.wegetanystock.co.uk/images/products/Fvvbl2a9OJGgjsveI1FOVR6pLhd0vsEhZ1LSLdcN.png?tr=w-192,h-192",https://www.wegetanystock.com/products/7up-zero-can-pink-lemonade-330ml,7up Zero Pink Lemonade,7Up Zero Can Pink Lemonade 330ml24 × 330ml4062139019564,7UP,"{'count': 24, 'size': 330.0, 'unit': 'ml', 'format': '24x330ml'}",True,7up-zero-pink-lemonade
International Delight Iced Coffee Reese's 443ml12 × 443ml36632079794,,443ml,regular,"https://media.wegetanystock.co.uk/images/products/PiKQKGFC4betriFt1qsivWkWeIcAChNjrO33J3nq.png?tr=w-192,h-192",https://www.wegetanystock.com/products/international-delight-iced-coffee-reeses-443ml,International Delight Iced Coffee Reese's,International Delight Iced Coffee Reese's 443ml12 × 443ml36632079794,Reese's,"{'count': 12, 'size': 443.0, 'unit': 'ml', 'format': '12x443ml'}",True,international-delight-iced-coffee-reeses
Old Jamaica Ginger Beer Regular 330ml24 × 330ml5029578000200,,330ml,regular,"https://media.wegetanystock.co.uk/images/products/EOQPqphb6hkVo17fqIw3FSLR28i98ubSKFrgqGdS.webp?tr=w-192,h-192",https://www.wegetanystock.com/products/old-jamaica-ginger-beer-regular-330ml,Old Jamaica Ginger Beer Regular,Old Jamaica Ginger Beer Regular 330ml24 × 330ml5029578000200,Old jamaica,"{'count': 24, 'size': 330.0, 'unit': 'ml', 'format': '24x330ml'}",True,old-jamaica-ginger-beer-regular
London Essence Orange & Elderflower 6X150ml4 × 6X150ml5010102241114,,6X150ml,multipack,"https://media.wegetanystock.co.uk/old_images/jpg/5010102241114?tr=w-192,h-192",https://www.wegetanystock.com/products/london-essence-orange-elderflower-6x150ml,London Essence Orange & Elderflower,London Essence Orange & Elderflower 6X150ml4 × 6X150ml5010102241114,London Essence,"{'count': 6, 'size': 150.0, 'unit': 'ml', 'format': '6x150ml'}",True,london-essence-orange-and-elderflower
London Essence Tonic 6X150ml4 × 6X150ml5010102242241,,6X150ml,multipack,"https://media.wegetanystock.co.uk/old_images/jpg/5010102242241?tr=w-192,h-192",https://www.wegetanystock.com/products/london-essence-tonic-6x150ml,London Essence Tonic,London Essence Tonic 6X150ml4 × 6X150ml5010102242241,London Essence,"{'count': 6, 'size': 150.0, 'unit': 'ml', 'format': '6x150ml'}",True,london-essence-tonic
Rubicon Sparkling Passionfruit 330ml24 × 330ml5011898001012,,330ml,regular,"https://media.wegetanystock.co.uk/brandbank/images/5011898001012/1?tr=w-192,h-192",https://www.wegetanystock.com/products/rubicon-sparkling-passion-330ml,Rubicon Sparkling Passionfruit,Rubicon Sparkling Passionfruit 330ml24 × 330ml5011898001012,Rubicon,"{'count': 24, 'size': 330.0, 'unit': 'ml', 'format': '24x330ml'}",True,rubicon-sparkling-passionfruit
Coca Cola Diet 330ml24 × 330ml5449000053879,,330ml,regular,"https://media.wegetanystock.co.uk/brandbank/images/5449000053879/1?tr=w-192,h-192",https://www.wegetanystock.com/products/diet-coke-330ml,Coca Cola Diet,Coca Cola Diet 330ml24 × 330ml5449000053879,Coca-Cola,"{'count': 24, 'size': 330.0, 'unit': 'ml', 'format': '24x330ml'}",True,coca-cola-diet
Milky Way Milk Drink Can 250ml12 × 250ml5056357914533,,250ml,regular,"https://media.wegetanystock.co.uk/images/products/KClMVpXfW9sUF83XAdIFGrxSVEUglcZtApFnSU15.jpg?tr=w-192,h-192",https://www.wegetanystock.com/products/milky-way-milk-drink-can-250ml,Milky Way Milk Drink,Milky Way Milk Drink Can 250ml12 × 250ml5056357914533,Milky Way,"{'count': 12, 'size': 250.0, 'unit': 'ml', 'format': '12x250ml'}",True,milky-way-milk-drink
International Delight Iced Coffee Cinnabon 443ml12 × 443ml36632074782,,443ml,regular,"https://media.wegetanystock.co.uk/images/products/luNmdtwsZ5uGaxn6kxwgJCXRiqCPTlwzXmOvx281.webp?tr=w-192,h-192",https://www.wegetanystock.com/products/international-delight-iced-coffee-cinnabon-443ml,International Delight Iced Coffee Cinnabon,International Delight Iced Coffee Cinnabon 443ml12 × 443ml36632074782,Cinnabon,"{'count': 12, 'size': 443.0, 'unit': 'ml', 'format': '12x443ml'}",True,international-delight-iced-coffee-cinnabon
Coca-Cola Lemon 330ml24 × 330ml5449000124166,,330ml,regular,"https://media.wegetanystock.co.uk/brandbank/images/5449000124166/1?tr=w-192,h-192",https://www.wegetanystock.com/products/coca-cola-lemon-330ml,Coca-cola Lemon,Coca-Cola Lemon 330ml24 × 330ml5449000124166,Coca-Cola,"{'count': 24, 'size': 330.0, 'unit': 'ml', 'format': '24x330ml'}",True,coca-cola-lemon
Dr Pepper ZERO Cherry Crush 330ml24 × 330ml5449000334237,,330ml,regular,"https://media.wegetanystock.co.uk/images/products/rJXOJfwUJGt6hVMy5CA9FBtX0HUUI23UKLRgomLS.png?tr=w-192,h-192",https://www.wegetanystock.com/products/dr-pepper-zero-cherry-crush-330ml,Dr Pepper Zero Cherry Crush,Dr Pepper ZERO Cherry Crush 330ml24 × 330ml5449000334237,Dr Pepper,"{'count': 24, 'size': 330.0, 'unit': 'ml', 'format': '24x330ml'}",True,dr-pepper-zero-cherry-crush
Sprite Zero 330ml24 × 330ml5449000106704,,330ml,regular,"https://media.wegetanystock.co.uk/brandbank/images/5449000106704/1?tr=w-192,h-192",https://www.wegetanystock.com/products/sprite-no-sugar-330ml-can,Sprite Zero,Sprite Zero 330ml24 × 330ml5449000106704,Sprite,"{'count': 24, 'size': 330.0, 'unit': 'ml', 'format': '24x330ml'}",True,sprite-zero
7Up Pink Lemonade Pm 75p 330ml24 × 330ml4062139019595,,330ml,price_marked,"https://media.wegetanystock.co.uk/old_images/jpg/4062139019595?tr=w-192,h-192",https://www.wegetanystock.com/products/7up-pink-lemonade-330ml,7up Pink Lemonade Pm,7Up Pink Lemonade Pm 75p 330ml24 × 330ml4062139019595,7UP,"{'count': 24, 'size': 330.0, 'unit': 'ml', 'format': '24x330ml'}",True,7up-pink-lemonade-pm
Evian Still Natural Mineral Water Screw Cap 750ml12 × 750ml3068320014067,,750ml,regular,"https://media.wegetanystock.co.uk/images/products/Fy9aMt2iGIySZXlVKzCPI2tFZnNxGGSnmSmG7uu5.png?tr=w-192,h-192",https://www.wegetanystock.com/products/evian-still-natural-mineral-water-750ml,Evian Still Natural Mineral Water Screw Cap,Evian Still Natural Mineral Water Screw Cap 750ml12 × 750ml3068320014067,Evian,"{'count': 12, 'size': 750.0, 'unit': 'ml', 'format': '12x750ml'}",True,evian-still-natural-mineral-water-screw-cap
Candy Can Pac Man Cherry 330ml12 × 330ml8718858612697,,330ml,regular,"https://media.wegetanystock.co.uk/images/products/kuwk9I33ipLr1iXwx5bsSrQkmtCIZDhZN4z6Uzd7.jpg?tr=w-192,h-192",https://www.wegetanystock.com/products/candy-can-pac-man-cherry-330ml,Candy Pac Man Cherry,Candy Can Pac Man Cherry 330ml12 × 330ml8718858612697,Pac Man,"{'count': 12, 'size': 330.0, 'unit': 'ml', 'format': '12x330ml'}",True,candy-pac-man-cherry
Candy Can Pac Man Orange 330ml12 × 330ml8718858612772,,330ml,regular,"https://media.wegetanystock.co.uk/images/products/nS4n3kZoDOkJhW1CFTNJ2QPoEtRq4I0xBLfVoQ3K.png?tr=w-192,h-192",https://www.wegetanystock.com/products/candy-can-rocket-ice-lolly-330ml,Candy Pac Man Orange,Candy Can Pac Man Orange 330ml12 × 330ml8718858612772,Pac Man,"{'count': 12, 'size': 330.0, 'unit': 'ml', 'format': '12x330ml'}",True,candy-pac-man-orange
Maltesers Chocolate and Malt Flavoured Milk Drink 250ml12 × 250ml5056357915509,,250ml,regular,"https://media.wegetanystock.co.uk/images/products/dwG7FzDSS5RgYIJ89bu4v8NzJesymtpnfjVChDq0.jpg?tr=w-192,h-192",https://www.wegetanystock.com/products/maltesers-chocolate-and-malt-flavoured-milk-drink-250ml,Maltesers Chocolate and Malt Flavoured Milk Drink,Maltesers Chocolate and Malt Flavoured Milk Drink 250ml12 × 250ml5056357915509,Maltesers,"{'count': 12, 'size': 250.0, 'unit': 'ml', 'format': '12x250ml'}",True,maltesers-chocolate-and-malt-flavoured-milk-drink
Mars Chocolate Milk Drink 250ml12 × 250ml5056357909409,,250ml,regular,"https://media.wegetanystock.co.uk/images/products/JDMVUbmA49FxWQXT4KDzRex8twCJ6r5zj8fFKnXJ.png?tr=w-192,h-192",https://www.wegetanystock.com/products/mars-milk-drink-can-250ml,Mars Chocolate Milk Drink,Mars Chocolate Milk Drink 250ml12 × 250ml5056357909409,Mars,"{'count': 12, 'size': 250.0, 'unit': 'ml', 'format': '12x250ml'}",True,mars-chocolate-milk-drink
Ribena Blackcurrant Squash6 × 1.5Ltr5054267003460,,1.5L,regular,"https://media.wegetanystock.co.uk/brandbank/images/5054267003460/913?tr=w-192,h-192",https://www.wegetanystock.com/products/ribena-blackcurrant-squash-15l,Ribena Blackcurrant Squash,Ribena Blackcurrant Squash6 × 1.5Ltr5054267003460,Ribena,"{'count': 6, 'size': 1.5, 'unit': 'l', 'format': '6x1.5l'}",True,ribena-blackcurrant-squash
Coca-Cola Zero Sugar Lemon 330ml24 × 330ml5449000227157,,330ml,regular,"https://media.wegetanystock.co.uk/images/products/MeHexWYczQZWIvq6oIRbTsEa4C8ztBLvb8PiF7ic.png?tr=w-192,h-192",https://www.wegetanystock.com/products/coca-cola-zero-sugar-lemon-330ml,Coca-cola Zero Sugar Lemon,Coca-Cola Zero Sugar Lemon 330ml24 × 330ml5449000227157,Coca-Cola,"{'count': 24, 'size': 330.0, 'unit': 'ml', 'format': '24x330ml'}",True,coca-cola-zero-sugar-lemon
Pepsi Max Cherry No Sugar Cola Can 330ml24 × 330ml87171259,,330ml,regular,"https://media.wegetanystock.co.uk/brandbank/images/87171259/1?tr=w-192,h-192",https://www.wegetanystock.com/products/pepsi-max-cherry-no-sugar-cola-can-330ml,Pepsi Max Cherry No Sugar Cola,Pepsi Max Cherry No Sugar Cola Can 330ml24 × 330ml87171259,Pepsi,"{'count': 24, 'size': 330.0, 'unit': 'ml', 'format': '24x330ml'}",True,pepsi-max-cherry-no-sugar-cola
Monster Energy Lando Norris ZERO PMP £1.65 500ml12 × 500ml5056784906446,£1.65,500ml,price_marked,"https://media.wegetanystock.co.uk/old_images/jpg/5056784906446?tr=w-192,h-192",https://www.wegetanystock.com/products/monster-energy-lando-norris-zero-pmp-ps165-500ml,Monster Energy Lando Norris Zero,Monster Energy Lando Norris ZERO PMP £1.65 500ml12 × 500ml5056784906446,Monster Energy,"{'count': 12, 'size': 500.0, 'unit': 'ml', 'format': '12x500ml'}",True,monster-energy-lando-norris-zero
Monster Ultra Rosa £1.65 500ml12 × 500ml5061013949910,,500ml,regular,"https://media.wegetanystock.co.uk/old_images/jpg/5061013949910?tr=w-192,h-192",https://www.wegetanystock.com/products/monster-ultra-rosa-ps165-500ml,Monster Ultra Rosa,Monster Ultra Rosa £1.65 500ml12 × 500ml5061013949910,Monster,"{'count': 12, 'size': 500.0, 'unit': 'ml', 'format': '12x500ml'}",True,monster-ultra-rosa
Monster Zero Sugar Ultra PM £1.65 500ml12 × 500ml5061013949675,£1.65,500ml,price_marked,"https://media.wegetanystock.co.uk/old_images/jpg/5061013949675?tr=w-192,h-192",https://www.wegetanystock.com/products/monster-zero-sugar-ultra-pm-ps165-500ml,Monster Zero Sugar Ultra,Monster Zero Sugar Ultra PM £1.65 500ml12 × 500ml5061013949675,Monster,"{'count': 12, 'size': 500.0, 'unit': 'ml', 'format': '12x500ml'}",True,monster-zero-sugar-ultra
7UP Zero PM 75p 330ml24 × 330ml4060800309914,,330ml,price_marked,"https://media.wegetanystock.co.uk/old_images/jpg/4060800309914?tr=w-192,h-192",https://www.wegetanystock.com/products/7up-zero-pm-75p-330ml,7up Zero Pm,7UP Zero PM 75p 330ml24 × 330ml4060800309914,7UP,"{'count': 24, 'size': 330.0, 'unit': 'ml', 'format': '24x330ml'}",True,7up-zero-pm
Appletiser 275ml12 × 275ml6001048003323,,275ml,regular,"https://media.wegetanystock.co.uk/brandbank/images/6001048003323/1?tr=w-192,h-192",https://www.wegetanystock.com/products/appletiser-275ml-glass-bottle,Appletiser,Appletiser 275ml12 × 275ml6001048003323,Appletiser,"{'count': 12, 'size': 275.0, 'unit': 'ml', 'format': '12x275ml'}",True,appletiser
evian Still Natural Mineral Water 500ml24 × 50cl3068320055008,,500ml,regular,"https://media.wegetanystock.co.uk/brandbank/images/3068320055008/1?tr=w-192,h-192",https://www.wegetanystock.com/products/evian-still-natural-mineral-water-500ml,Evian Still Natural Mineral Water,evian Still Natural Mineral Water 500ml24 × 50cl3068320055008,Evian,,False,evian-still-natural-mineral-water
Icelandic Glacial Water 500ml24 × 500ml5690351231007,,500ml,regular,"https://media.wegetanystock.co.uk/old_images/jpg/5690351231007?tr=w-192,h-192",https://www.wegetanystock.com/products/icelandic-glacial-water-500ml,Icelandic Glacial Water,Icelandic Glacial Water 500ml24 × 500ml5690351231007,Icelandic ,"{'count': 24, 'size': 500.0, 'unit': 'ml', 'format': '24x500ml'}",True,icelandic-glacial-water
Prime Hydration KSI Nightmare Flavour 500ml12 × 500ml810116128495,,500ml,regular,"https://media.wegetanystock.co.uk/images/products/VlylHbjG0HZ7V16177RO9K2eGWIB8fxv7jb8UfxX.png?tr=w-192,h-192",https://www.wegetanystock.com/products/prime-hydration-ksi-nightmare-flavour-500ml,Prime Hydration Ksi Nightmare Flavour,Prime Hydration KSI Nightmare Flavour 500ml12 × 500ml810116128495,Prime,"{'count': 12, 'size': 500.0, 'unit': 'ml', 'format': '12x500ml'}",True,prime-hydration-ksi-nightmare-flavour
San Pellegrino Sparkling Natural Mineral Water 500ml12 × 500ml8002270000515,,500ml,regular,"https://media.wegetanystock.co.uk/brandbank/images/8002270000515/1?tr=w-192,h-192",https://www.wegetanystock.com/products/san-pellegrino-sparkling-natural-mineral-water-500ml-1,San Pellegrino Sparkling Natural Mineral Water,San Pellegrino Sparkling Natural Mineral Water 500ml12 × 500ml8002270000515,San Pellegrino,"{'count': 12, 'size': 500.0, 'unit': 'ml', 'format': '12x500ml'}",True,san-pellegrino-sparkling-natural-mineral-water
Lipton Kombucha Can - Strawberry Mint 250ml12 × 250ml4062139019076,,250ml,regular,"https://media.wegetanystock.co.uk/old_images/jpg/4062139019076?tr=w-192,h-192",https://www.wegetanystock.com/products/lipton-kombucha-can-strawberry-mint-250ml,Lipton Kombucha - Strawberry Mint,Lipton Kombucha Can - Strawberry Mint 250ml12 × 250ml4062139019076,Lipton,"{'count': 12, 'size': 250.0, 'unit': 'ml', 'format': '12x250ml'}",True,lipton-kombucha-strawberry-mint
Galaxy Chocolate Milk Drink 250ml12 × 250ml5056357909423,,250ml,regular,"https://media.wegetanystock.co.uk/images/products/Cs9VNXMYknC7ne8SR4Mct6L2EfGzdyV0U7cKWnpk.jpg?tr=w-192,h-192",https://www.wegetanystock.com/products/galaxy-chocolate-milk-drink-250ml,Galaxy Chocolate Milk Drink,Galaxy Chocolate Milk Drink 250ml12 × 250ml5056357909423,Galaxy,"{'count': 12, 'size': 250.0, 'unit': 'ml', 'format': '12x250ml'}",True,galaxy-chocolate-milk-drink
Barr Cream Soda 330Ml24 × 330ml5000382024033,,330Ml,regular,"https://media.wegetanystock.co.uk/old_images/jpg/5000382024033?tr=w-192,h-192",https://www.wegetanystock.com/products/barr-cream-soda-330ml,Barr Cream Soda,Barr Cream Soda 330Ml24 × 330ml5000382024033,Barr,"{'count': 24, 'size': 330.0, 'unit': 'ml', 'format': '24x330ml'}",True,barr-cream-soda
Dr Pepper 330ml24 × 330ml5010102100015,,330ml,regular,"https://media.wegetanystock.co.uk/brandbank/images/5010102100015/1?tr=w-192,h-192",https://www.wegetanystock.com/products/dr-pepper-330ml,Dr Pepper,Dr Pepper 330ml24 × 330ml5010102100015,Dr Pepper,"{'count': 24, 'size': 330.0, 'unit': 'ml', 'format': '24x330ml'}",True,dr-pepper
Dr Pepper Zero 330ml24 × 330ml5449000121028,,330ml,regular,"https://media.wegetanystock.co.uk/brandbank/images/5449000121028/1?tr=w-192,h-192",https://www.wegetanystock.com/products/dr-pepper-zero-330ml,Dr Pepper Zero,Dr Pepper Zero 330ml24 × 330ml5449000121028,Dr Pepper,"{'count': 24, 'size': 330.0, 'unit': 'ml', 'format': '24x330ml'}",True,dr-pepper-zero
Pepsi Max Mango 8 x 330ml3 × 8 x 330ml4060800309075,,8 x 330ml,multipack,"https://media.wegetanystock.co.uk/brandbank/images/4060800309075/913?tr=w-192,h-192",https://www.wegetanystock.com/products/pepsi-max-mango-8-x-330ml,Pepsi Max Mango,Pepsi Max Mango 8 x 330ml3 × 8 x 330ml4060800309075,Pepsi,"{'count': 8, 'size': 330.0, 'unit': 'ml', 'format': '8x330ml'}",True,pepsi-max-mango
FIJI Artesian Water Sports Cap 700ml12 × 700ml9417574001394,,700ml,regular,"https://media.wegetanystock.co.uk/images/products/HMnp3gYxWL4tuPIHJjbXSvq9JIcUeP2h23QytYW7.png?tr=w-192,h-192",https://www.wegetanystock.com/products/fiji-water-sports-cap-700ml,Fiji Artesian Water Sports Cap,FIJI Artesian Water Sports Cap 700ml12 × 700ml9417574001394,Fiji,"{'count': 12, 'size': 700.0, 'unit': 'ml', 'format': '12x700ml'}",True,fiji-artesian-water-sports-cap
Lipton Kombucha Can - Mango Passionfruit 250ml12 × 250ml4062139019014,,250ml,regular,"https://media.wegetanystock.co.uk/old_images/jpg/4062139019014?tr=w-192,h-192",https://www.wegetanystock.com/products/lipton-kombucha-can-mango-passionfruit-250ml,Lipton Kombucha - Mango Passionfruit,Lipton Kombucha Can - Mango Passionfruit 250ml12 × 250ml4062139019014,Lipton,"{'count': 12, 'size': 250.0, 'unit': 'ml', 'format': '12x250ml'}",True,lipton-kombucha-mango-passionfruit
Lipton Kombucha Can - Raspberry 250ml12 × 250ml4062139019045,,250ml,regular,"https://media.wegetanystock.co.uk/old_images/jpg/4062139019045?tr=w-192,h-192",https://www.wegetanystock.com/products/lipton-kombucha-can-raspberry-250ml,Lipton Kombucha - Raspberry,Lipton Kombucha Can - Raspberry 250ml12 × 250ml4062139019045,Lipton,"{'count': 12, 'size': 250.0, 'unit': 'ml', 'format': '12x250ml'}",True,lipton-kombucha-raspberry
Fanta Lemon 24 x 330ml1 × 24x330ml5449000059680,,24 x 330ml,multipack,"https://media.wegetanystock.co.uk/old_images/jpg/5449000059680?tr=w-192,h-192",https://www.wegetanystock.com/products/fanta-lemon-24-x-330ml,Fanta Lemon,Fanta Lemon 24 x 330ml1 × 24x330ml5449000059680,Fanta,"{'count': 24, 'size': 330.0, 'unit': 'ml', 'format': '24x330ml'}",True,fanta-lemon
Appletiser 6 x 250ml4 × 6 x 250ml5449000227416,,6 x 250ml,multipack,"https://media.wegetanystock.co.uk/old_images/jpg/5449000227416?tr=w-192,h-192",https://www.wegetanystock.com/products/appletiser-6-x-250ml,Appletiser,Appletiser 6 x 250ml4 × 6 x 250ml5449000227416,Appletiser,"{'count': 6, 'size': 250.0, 'unit': 'ml', 'format': '6x250ml'}",True,appletiser
Monster Zero Sugar Ultra Energy PM £4.99 4x500ml6 × 4x500ml5060947545519,£4.99,4x500ml,price_marked,"https://media.wegetanystock.co.uk/old_images/jpg/5060947545519?tr=w-192,h-192",https://www.wegetanystock.com/products/monster-zero-sugar-ultra-energy-pm-ps499-4x500ml,Monster Zero Sugar Ultra Energy,Monster Zero Sugar Ultra Energy PM £4.99 4x500ml6 × 4x500ml5060947545519,Monster,"{'count': 4, 'size': 500.0, 'unit': 'ml', 'format': '4x500ml'}",True,monster-zero-sugar-ultra-energy
Starbucks Frappuccino Mocha Glass 250ml8 × 250ml5711953145339,,250ml,regular,"https://media.wegetanystock.co.uk/old_images/jpg/5711953145339?tr=w-192,h-192",https://www.wegetanystock.com/products/starbucks-frappuccino-mocha-glass-250ml,Starbucks Frappuccino Mocha Glass,Starbucks Frappuccino Mocha Glass 250ml8 × 250ml5711953145339,Starbucks,"{'count': 8, 'size': 250.0, 'unit': 'ml', 'format': '8x250ml'}",True,starbucks-frappuccino-mocha-glass
Bubbleology Mango Bubble Tea Kit 130g10 × 130g5061017160526,,130g,regular,"https://media.wegetanystock.co.uk/old_images/jpg/5061017160526?tr=w-192,h-192",https://www.wegetanystock.com/products/bubbleology-mango-bubble-tea-kit,Bubbleology Mango Bubble Tea Kit,Bubbleology Mango Bubble Tea Kit 130g10 × 130g5061017160526,Bubbleology,"{'count': 10, 'size': 130.0, 'unit': 'g', 'format': '10x130g'}",True,bubbleology-mango-bubble-tea-kit
Pepsi Cream Soda Flavour 8 x 330ml3 × 8 x 330ml4062139018598,,8 x 330ml,multipack,"https://media.wegetanystock.co.uk/old_images/jpg/4062139018598?tr=w-192,h-192",https://www.wegetanystock.com/products/pepsi-cream-soda-flavour-8-x-330ml,Pepsi Cream Soda Flavour,Pepsi Cream Soda Flavour 8 x 330ml3 × 8 x 330ml4062139018598,Pepsi,"{'count': 8, 'size': 330.0, 'unit': 'ml', 'format': '8x330ml'}",True,pepsi-cream-soda-flavour
Pepsi Strawberries 'N' Cream Flavour 8 x 330ml3 × 8 x 330ml4062139018741,,8 x 330ml,multipack,"https://media.wegetanystock.co.uk/old_images/jpg/4062139018741?tr=w-192,h-192",https://www.wegetanystock.com/products/pepsi-strawberries-n-cream-flavour-8-x-330ml,Pepsi Strawberries 'n' Cream Flavour,Pepsi Strawberries 'N' Cream Flavour 8 x 330ml3 × 8 x 330ml4062139018741,Pepsi,"{'count': 8, 'size': 330.0, 'unit': 'ml', 'format': '8x330ml'}",True,pepsi-strawberries-n-cream-flavour
Vimto Carb Orignal PMP 75p 330ml24 × 330ml5010438020636,,330ml,price_marked,"https://media.wegetanystock.co.uk/brandbank/images/5010438020636/1?tr=w-192,h-192",https://www.wegetanystock.com/products/vimto-carb-orignal-pmp-75p-330ml,Vimto Carb Orignal Pmp,Vimto Carb Orignal PMP 75p 330ml24 × 330ml5010438020636,Vimto,"{'count': 24, 'size': 330.0, 'unit': 'ml', 'format': '24x330ml'}",True,vimto-carb-orignal-pmp
Nescafe Ready To Drink Iced Caramel Latte 750ml6 × 750ml8445291422247,,750ml,regular,"https://media.wegetanystock.co.uk/old_images/jpg/8445291422247?tr=w-192,h-192",https://www.wegetanystock.com/products/nescafe-ready-to-drink-iced-caramel-latte-750ml,Nescafe Ready To Drink Iced Caramel Latte,Nescafe Ready To Drink Iced Caramel Latte 750ml6 × 750ml8445291422247,Nescafe,"{'count': 6, 'size': 750.0, 'unit': 'ml', 'format': '6x750ml'}",True,nescafe-ready-to-drink-iced-caramel-latte
Nescafe Ready To Drink Iced Latte 750ml6 × 750ml8445291422209,,750ml,regular,"https://media.wegetanystock.co.uk/old_images/jpg/8445291422209?tr=w-192,h-192",https://www.wegetanystock.com/products/nescafe-ready-to-drink-iced-latte-750ml,Nescafe Ready To Drink Iced Latte,Nescafe Ready To Drink Iced Latte 750ml6 × 750ml8445291422209,Nescafe,"{'count': 6, 'size': 750.0, 'unit': 'ml', 'format': '6x750ml'}",True,nescafe-ready-to-drink-iced-latte
7UP Zero Can 330ml24 × 330ml4060800309884,,330ml,regular,"https://media.wegetanystock.co.uk/old_images/jpg/4060800309884?tr=w-192,h-192",https://www.wegetanystock.com/products/7up-zero-can-330ml,7up Zero,7UP Zero Can 330ml24 × 330ml4060800309884,7UP,"{'count': 24, 'size': 330.0, 'unit': 'ml', 'format': '24x330ml'}",True,7up-zero
Alpro Coconut Long Life Drink 1L8 × 1l5411188116592,,1L,regular,"https://media.wegetanystock.co.uk/brandbank/images/5411188116592/913?tr=w-192,h-192",https://www.wegetanystock.com/products/alpro-coconut-long-life-drink-1l,Alpro Coconut Long Life Drink,Alpro Coconut Long Life Drink 1L8 × 1l5411188116592,Alpro,"{'count': 8, 'size': 1.0, 'unit': 'l', 'format': '8x1l'}",True,alpro-coconut-long-life-drink
Alpro Hazelnut Long Life Drink 1L8 × 1l5411188110842,,1L,regular,"https://media.wegetanystock.co.uk/brandbank/images/5411188110842/1?tr=w-192,h-192",https://www.wegetanystock.com/products/alpro-hazelnut-long-life-drink-1l,Alpro Hazelnut Long Life Drink,Alpro Hazelnut Long Life Drink 1L8 × 1l5411188110842,Alpro,"{'count': 8, 'size': 1.0, 'unit': 'l', 'format': '8x1l'}",True,alpro-hazelnut-long-life-drink
Bottlegreen Hand-Picked Elderflower Cordial 500ml6 × 500ml5021812000656,,500ml,regular,"https://media.wegetanystock.co.uk/brandbank/images/5021812000656/1?tr=w-192,h-192",https://www.wegetanystock.com/products/bottlegreen-hand-picked-elderflower-cordial-500ml,Bottlegreen Hand-picked Elderflower Cordial,Bottlegreen Hand-Picked Elderflower Cordial 500ml6 × 500ml5021812000656,Bottlegreen,"{'count': 6, 'size': 500.0, 'unit': 'ml', 'format': '6x500ml'}",True,bottlegreen-hand-picked-elderflower-cordial
Ocean Spray Cranberry Apple PMP £1.99  1L12 × 1l31200001412,£1.99,1L,price_marked,"https://media.wegetanystock.co.uk/images/products/gbhFirizUT2icnce4IvsFVQIVbvxm56FkxQx148o.png?tr=w-192,h-192",https://www.wegetanystock.com/products/ocean-spray-cranberry-apple-pmp-ps199-1l,Ocean Spray Cranberry Apple,Ocean Spray Cranberry Apple PMP £1.99  1L12 × 1l31200001412,Ocean Spray,"{'count': 12, 'size': 1.0, 'unit': 'l', 'format': '12x1l'}",True,ocean-spray-cranberry-apple
Ocean Spray Cranberry Classic 1Ltr12 × 1Ltr31200452009,,1L,regular,"https://media.wegetanystock.co.uk/brandbank/images/0031200452009/1?tr=w-192,h-192",https://www.wegetanystock.com/products/ocean-spray-cranberry-classic-1-litre,Ocean Spray Cranberry Classic 1ltr,Ocean Spray Cranberry Classic 1Ltr12 × 1Ltr31200452009,Ocean Spray,"{'count': 12, 'size': 1.0, 'unit': 'l', 'format': '12x1l'}",True,ocean-spray-cranberry-classic-1ltr
Ocean Spray Cranberry No Added Sugar Juice Drink 1 Litre12 × 1l31200452603,,1 L,regular,"https://media.wegetanystock.co.uk/brandbank/images/0031200452603/1?tr=w-192,h-192",https://www.wegetanystock.com/products/ocean-spray-cranberry-juice-drink-1-litre,Ocean Spray Cranberry No Added Sugar Juice Drink 1 Litre,Ocean Spray Cranberry No Added Sugar Juice Drink 1 Litre12 × 1l31200452603,Ocean Spray,"{'count': 12, 'size': 1.0, 'unit': 'l', 'format': '12x1l'}",True,ocean-spray-cranberry-no-added-sugar-juice-drink-1-litre
Ocean Spray Cranberry Strawberry PMP £1.99  1L12 × 1l31200001252,£1.99,1L,price_marked,"https://media.wegetanystock.co.uk/images/products/qDaZTJbhFWoNi7cUsi5KpJjpyJGUp556l4Iliq4r.png?tr=w-192,h-192",https://www.wegetanystock.com/products/ocean-spray-cranberry-strawberry-pmp-ps199-1l,Ocean Spray Cranberry Strawberry,Ocean Spray Cranberry Strawberry PMP £1.99  1L12 × 1l31200001252,Ocean Spray,"{'count': 12, 'size': 1.0, 'unit': 'l', 'format': '12x1l'}",True,ocean-spray-cranberry-strawberry
Prime Hydration KSI Nightmare Flavour Pm £1.79 500ml12 × 500ml810116128716,£1.79,500ml,price_marked,"https://media.wegetanystock.co.uk/images/products/Y521zcQpAvnyrASlo68zsJ4NPVBR5sZrZMslgyAO.png?tr=w-192,h-192",https://www.wegetanystock.com/products/prime-hydration-ksi-nightmare-flavour-pm-ps179-500ml,Prime Hydration Ksi Nightmare Flavour,Prime Hydration KSI Nightmare Flavour Pm £1.79 500ml12 × 500ml810116128716,Prime,"{'count': 12, 'size': 500.0, 'unit': 'ml', 'format': '12x500ml'}",True,prime-hydration-ksi-nightmare-flavour
Vimto Energy Natural Caffeine with Real Fruit Juice 500ml12 × 500ml5010438021428,,500ml,regular,"https://media.wegetanystock.co.uk/old_images/jpg/5010438021428?tr=w-192,h-192",https://www.wegetanystock.com/products/vimto-energy-natural-caffeine-with-real-fruit-juice-500ml,Vimto Energy Natural Caffeine with Real Fruit Juice,Vimto Energy Natural Caffeine with Real Fruit Juice 500ml12 × 500ml5010438021428,Vimto,"{'count': 12, 'size': 500.0, 'unit': 'ml', 'format': '12x500ml'}",True,vimto-energy-natural-caffeine-with-real-fruit-juice
Vimto Energy Zero Natural Caffeine with Real Fruit Juice 500ml12 × 500ml5010438021435,,500ml,regular,"https://media.wegetanystock.co.uk/old_images/jpg/5010438021435?tr=w-192,h-192",https://www.wegetanystock.com/products/vimto-energy-zero-natural-caffeine-with-real-fruit-juice-500ml,Vimto Energy Zero Natural Caffeine with Real Fruit Juice,Vimto Energy Zero Natural Caffeine with Real Fruit Juice 500ml12 × 500ml5010438021435,Vimto,"{'count': 12, 'size': 500.0, 'unit': 'ml', 'format': '12x500ml'}",True,vimto-energy-zero-natural-caffeine-with-real-fruit-juice
Alpro Soya Long Life Drink 1L8 × 1l5411188083191,,1L,regular,"https://media.wegetanystock.co.uk/brandbank/images/5411188083191/1?tr=w-192,h-192",https://www.wegetanystock.com/products/alpro-soya-long-life-drink-1l,Alpro Soya Long Life Drink,Alpro Soya Long Life Drink 1L8 × 1l5411188083191,Alpro,"{'count': 8, 'size': 1.0, 'unit': 'l', 'format': '8x1l'}",True,alpro-soya-long-life-drink
Alpro Soya No Sugars Long Life Drink 1L8 × 1l5411188079996,,1L,regular,"https://media.wegetanystock.co.uk/brandbank/images/5411188079996/913?tr=w-192,h-192",https://www.wegetanystock.com/products/alpro-soya-original-no-sugars-1ltr,Alpro Soya No Sugars Long Life Drink,Alpro Soya No Sugars Long Life Drink 1L8 × 1l5411188079996,Alpro,"{'count': 8, 'size': 1.0, 'unit': 'l', 'format': '8x1l'}",True,alpro-soya-no-sugars-long-life-drink
Starbucks Doubleshot Espresso Iced Coffee Drink 200ml12 × 200ml5711953145315,,200ml,regular,"https://media.wegetanystock.co.uk/images/products/b3fGTI6C9FkyjLOhFsblX3uTOCr7tsT1pb7MZgov.jpg?tr=w-192,h-192",https://www.wegetanystock.com/products/starbucks-doubleshot-200ml,Starbucks Doubleshot Espresso Iced Coffee Drink,Starbucks Doubleshot Espresso Iced Coffee Drink 200ml12 × 200ml5711953145315,Starbucks,"{'count': 12, 'size': 200.0, 'unit': 'ml', 'format': '12x200ml'}",True,starbucks-doubleshot-espresso-iced-coffee-drink
Starbucks DoubleShot Espresso No Added Sugar Iced Coffee Drink 200ml12 × 200ml5711953079481,,200ml,regular,"https://media.wegetanystock.co.uk/brandbank/images/5711953079481/1?tr=w-192,h-192",https://www.wegetanystock.com/products/starbucks-doubleshot-espresso-no-added-sugar-iced-coffee-drink-200ml,Starbucks Doubleshot Espresso No Added Sugar Iced Coffee Drink,Starbucks DoubleShot Espresso No Added Sugar Iced Coffee Drink 200ml12 × 200ml5711953079481,Starbucks,"{'count': 12, 'size': 200.0, 'unit': 'ml', 'format': '12x200ml'}",True,starbucks-doubleshot-espresso-no-added-sugar-iced-coffee-drink
Appletiser 750ml12 × 750ml6001048000902,,750ml,regular,"https://media.wegetanystock.co.uk/brandbank/images/6001048000902/1?tr=w-192,h-192",https://www.wegetanystock.com/products/appletiser-750ml,Appletiser,Appletiser 750ml12 × 750ml6001048000902,Appletiser,"{'count': 12, 'size': 750.0, 'unit': 'ml', 'format': '12x750ml'}",True,appletiser
Applied Nutrition Body Fuel Electrolyte & Vitamin Water Icy Blue Raz 500ml12 × 500ml5056555203026,,500ml,regular,"https://media.wegetanystock.co.uk/old_images/jpg/5056555203026?tr=w-192,h-192",https://www.wegetanystock.com/products/applied-nutrition-body-fuel-electrolyte-vitamin-water-icy-blue-raz-500ml,Applied Nutrition Body Fuel Electrolyte & Vitamin Water Icy Blue Raz,Applied Nutrition Body Fuel Electrolyte & Vitamin Water Icy Blue Raz 500ml12 × 500ml5056555203026,Applied Nutrition,"{'count': 12, 'size': 500.0, 'unit': 'ml', 'format': '12x500ml'}",True,applied-nutrition-body-fuel-electrolyte-and-vitamin-water-icy-blue-raz
Applied Nutrition Body Fuel Electrolyte & Vitamin Water Orange 500ml12 × 500ml5056555202685,,500ml,regular,"https://media.wegetanystock.co.uk/old_images/jpg/5056555202685?tr=w-192,h-192",https://www.wegetanystock.com/products/applied-nutrition-body-fuel-electrolyte-vitamin-water-orange-500ml,Applied Nutrition Body Fuel Electrolyte & Vitamin Water Orange,Applied Nutrition Body Fuel Electrolyte & Vitamin Water Orange 500ml12 × 500ml5056555202685,Applied Nutrition,"{'count': 12, 'size': 500.0, 'unit': 'ml', 'format': '12x500ml'}",True,applied-nutrition-body-fuel-electrolyte-and-vitamin-water-orange
Old Jamaica Ginger Beer Light 330ml24 × 330ml5029578000835,,330ml,regular,"https://media.wegetanystock.co.uk/images/products/faLl4YtT48UQsrpGA2aQUJVRk70S6Br5qBKrl4jn.png?tr=w-192,h-192",https://www.wegetanystock.com/products/old-jamaica-ginger-beer-light-330ml,Old Jamaica Ginger Beer Light,Old Jamaica Ginger Beer Light 330ml24 × 330ml5029578000835,Old jamaica,"{'count': 24, 'size': 330.0, 'unit': 'ml', 'format': '24x330ml'}",True,old-jamaica-ginger-beer-light
Vimto Carb No Added Sugar PMP 75p 330ml24 × 330ml5010438020643,,330ml,price_marked,"https://media.wegetanystock.co.uk/brandbank/images/5010438020643/1?tr=w-192,h-192",https://www.wegetanystock.com/products/vimto-carb-no-added-sugar-pmp-75p-330ml,Vimto Carb No Added Sugar Pmp,Vimto Carb No Added Sugar PMP 75p 330ml24 × 330ml5010438020643,Vimto,"{'count': 24, 'size': 330.0, 'unit': 'ml', 'format': '24x330ml'}",True,vimto-carb-no-added-sugar-pmp
Volvic Touch of Summer Fruits 750ml6 × 750ml3057640578113,,750ml,regular,"https://media.wegetanystock.co.uk/old_images/jpg/3057640578113?tr=w-192,h-192",https://www.wegetanystock.com/products/volvic-touch-of-summer-fruits-750ml,Volvic Touch of Summer Fruits,Volvic Touch of Summer Fruits 750ml6 × 750ml3057640578113,Volvic,"{'count': 6, 'size': 750.0, 'unit': 'ml', 'format': '6x750ml'}",True,volvic-touch-of-summer-fruits
Fever-Tree Refreshingly Light Elderflower Tonic Water 8 x 150ml3 × 8x150ml5060108452113,,8 x 150ml,multipack,"https://media.wegetanystock.co.uk/old_images/jpg/5060108452113?tr=w-192,h-192",https://www.wegetanystock.com/products/fever-tree-refreshingly-light-elderflower-tonic-water-8-x-150ml,Fever-tree Refreshingly Light Elderflower Tonic Water,Fever-Tree Refreshingly Light Elderflower Tonic Water 8 x 150ml3 × 8x150ml5060108452113,Fever-tree,"{'count': 8, 'size': 150.0, 'unit': 'ml', 'format': '8x150ml'}",True,fever-tree-refreshingly-light-elderflower-tonic-water
Volvic Touch of Fruit Sugar Free Strawberry Natural Flavoured Water 750ml6 × 750ml3057640510533,,750ml,regular,"https://media.wegetanystock.co.uk/brandbank/images/3057640510533/1?tr=w-192,h-192",https://www.wegetanystock.com/products/volvic-touch-of-fruit-sugar-free-strawberry-natural-flavoured-water-750ml,Volvic Touch of Fruit Sugar Free Strawberry Natural Flavoured Water,Volvic Touch of Fruit Sugar Free Strawberry Natural Flavoured Water 750ml6 × 750ml3057640510533,Volvic,"{'count': 6, 'size': 750.0, 'unit': 'ml', 'format': '6x750ml'}",True,volvic-touch-of-fruit-sugar-free-strawberry-natural-flavoured-water
Bottlegreen Ginger With a Hint of Lemongrass Cordial 500ml6 × 500ml5021812000694,,500ml,regular,"https://media.wegetanystock.co.uk/brandbank/images/5021812000694/1?tr=w-192,h-192",https://www.wegetanystock.com/products/bottlegreen-ginger-with-a-hint-of-lemongrass-cordial-500ml,Bottlegreen Ginger with a Hint of Lemongrass Cordial,Bottlegreen Ginger With a Hint of Lemongrass Cordial 500ml6 × 500ml5021812000694,Bottlegreen,"{'count': 6, 'size': 500.0, 'unit': 'ml', 'format': '6x500ml'}",True,bottlegreen-ginger-with-a-hint-of-lemongrass-cordial
Cawston Press Squeezed Orange 1 Litre6 × 1Ltr5060054131995,,1 L,regular,"https://media.wegetanystock.co.uk/old_images/jpg/5060054131995?tr=w-192,h-192",https://www.wegetanystock.com/products/cawston-press-squeezed-orange-1-litre,Cawston Press Squeezed Orange 1 Litre,Cawston Press Squeezed Orange 1 Litre6 × 1Ltr5060054131995,Cawston Press,"{'count': 6, 'size': 1.0, 'unit': 'l', 'format': '6x1l'}",True,cawston-press-squeezed-orange-1-litre
